[{
  "model": "sis.course",
  "pk": 1,
  "fields": {
    "name": "kelas 1",
    "capacity": 5
  }
}, {
  "model": "sis.course",
  "pk": 2,
  "fields": {
    "name": "kelas 2",
    "capacity": 6
  }
}, {
  "model": "sis.module",
  "pk": 1,
  "fields": {
    "title": "bahan kuliah 1 kelas 1",
    "slug": "bahan-kuliah-1-kelas-1",
    "text": "<p>Suspendisse eget condimentum urna. Integer laoreet, arcu ut viverra bibendum, urna libero aliquet massa, sed rutrum dolor massa vitae felis. Proin volutpat nunc a turpis varius luctus. Donec tincidunt quam sed hendrerit ultricies. In lorem lacus, aliquet vitae nisl bibendum, convallis semper massa. Maecenas luctus congue magna sit amet bibendum. Suspendisse tellus turpis, ultrices nec volutpat nec, scelerisque at odio. Praesent interdum sit amet turpis nec sagittis. Donec sit amet finibus justo, eu rutrum nisl.</p>\r\n<p>Praesent tincidunt nisl egestas, tincidunt quam sed, dapibus ipsum. Proin id odio tincidunt, blandit nisl ut, eleifend mi. Suspendisse et varius ipsum. Integer semper augue nec felis venenatis vestibulum. Donec euismod tellus a diam dignissim hendrerit. Nulla et cursus odio. Fusce volutpat dignissim sapien, id aliquam diam aliquet nec. Vestibulum ante ipsum primis in faucibus orci luctus et ultrices posuere cubilia Curae;</p>\r\n<p>Etiam convallis finibus nunc, et scelerisque lorem. Suspendisse vitae rhoncus lectus, sed tristique ante. Cras laoreet lorem at nulla dictum, quis dapibus mauris iaculis. Duis elementum magna lacus, at imperdiet quam fringilla a. Donec erat mauris, ultrices sed metus et, pretium sollicitudin nibh. Curabitur magna dolor, mollis ac enim ut, vulputate dignissim orci. Mauris non diam imperdiet, sollicitudin lectus varius, ornare neque. Cras fermentum dignissim mollis. Pellentesque purus est, sodales quis tristique eu, pretium ut eros. Proin tellus nulla, cursus ac metus vel, finibus elementum ante. Suspendisse eleifend accumsan faucibus. Interdum et malesuada fames ac ante ipsum primis in faucibus. Sed laoreet metus vel sapien varius, sit amet iaculis libero lobortis. Proin mi elit, cursus maximus molestie sit amet, dictum non magna. Suspendisse non dui eu tellus varius ullamcorper id vel massa.</p>",
    "created_on": "2018-03-11T12:38:55.708Z",
    "courses": [1]
  }
}, {
  "model": "sis.module",
  "pk": 2,
  "fields": {
    "title": "bahan kuliah 1 kelas 2",
    "slug": "bahan-kuliah-1-kelas-2",
    "text": "<p>Suspendisse eget condimentum urna. Integer laoreet, arcu ut viverra bibendum, urna libero aliquet massa, sed rutrum dolor massa vitae felis. Proin volutpat nunc a turpis varius luctus. Donec tincidunt quam sed hendrerit ultricies. In lorem lacus, aliquet vitae nisl bibendum, convallis semper massa. Maecenas luctus congue magna sit amet bibendum. Suspendisse tellus turpis, ultrices nec volutpat nec, scelerisque at odio. Praesent interdum sit amet turpis nec sagittis. Donec sit amet finibus justo, eu rutrum nisl.</p>\r\n<p>Praesent tincidunt nisl egestas, tincidunt quam sed, dapibus ipsum. Proin id odio tincidunt, blandit nisl ut, eleifend mi. Suspendisse et varius ipsum. Integer semper augue nec felis venenatis vestibulum. Donec euismod tellus a diam dignissim hendrerit. Nulla et cursus odio. Fusce volutpat dignissim sapien, id aliquam diam aliquet nec. Vestibulum ante ipsum primis in faucibus orci luctus et ultrices posuere cubilia Curae;</p>\r\n<p>Etiam convallis finibus nunc, et scelerisque lorem. Suspendisse vitae rhoncus lectus, sed tristique ante. Cras laoreet lorem at nulla dictum, quis dapibus mauris iaculis. Duis elementum magna lacus, at imperdiet quam fringilla a. Donec erat mauris, ultrices sed metus et, pretium sollicitudin nibh. Curabitur magna dolor, mollis ac enim ut, vulputate dignissim orci. Mauris non diam imperdiet, sollicitudin lectus varius, ornare neque. Cras fermentum dignissim mollis. Pellentesque purus est, sodales quis tristique eu, pretium ut eros. Proin tellus nulla, cursus ac metus vel, finibus elementum ante. Suspendisse eleifend accumsan faucibus. Interdum et malesuada fames ac ante ipsum primis in faucibus. Sed laoreet metus vel sapien varius, sit amet iaculis libero lobortis. Proin mi elit, cursus maximus molestie sit amet, dictum non magna. Suspendisse non dui eu tellus varius ullamcorper id vel massa.</p>",
    "created_on": "2018-03-11T12:39:42.963Z",
    "courses": [2]
  }
}, {
  "model": "sis.module",
  "pk": 3,
  "fields": {
    "title": "bahan kuliah 1 kelas 1/2",
    "slug": "bahan-kuliah-1-kelas-12",
    "text": "<p>Suspendisse eget condimentum urna. Integer laoreet, arcu ut viverra bibendum, urna libero aliquet massa, sed rutrum dolor massa vitae felis. Proin volutpat nunc a turpis varius luctus. Donec tincidunt quam sed hendrerit ultricies. In lorem lacus, aliquet vitae nisl bibendum, convallis semper massa. Maecenas luctus congue magna sit amet bibendum. Suspendisse tellus turpis, ultrices nec volutpat nec, scelerisque at odio. Praesent interdum sit amet turpis nec sagittis. Donec sit amet finibus justo, eu rutrum nisl.</p>\r\n<p>Praesent tincidunt nisl egestas, tincidunt quam sed, dapibus ipsum. Proin id odio tincidunt, blandit nisl ut, eleifend mi. Suspendisse et varius ipsum. Integer semper augue nec felis venenatis vestibulum. Donec euismod tellus a diam dignissim hendrerit. Nulla et cursus odio. Fusce volutpat dignissim sapien, id aliquam diam aliquet nec. Vestibulum ante ipsum primis in faucibus orci luctus et ultrices posuere cubilia Curae;</p>\r\n<p>Etiam convallis finibus nunc, et scelerisque lorem. Suspendisse vitae rhoncus lectus, sed tristique ante. Cras laoreet lorem at nulla dictum, quis dapibus mauris iaculis. Duis elementum magna lacus, at imperdiet quam fringilla a. Donec erat mauris, ultrices sed metus et, pretium sollicitudin nibh. Curabitur magna dolor, mollis ac enim ut, vulputate dignissim orci. Mauris non diam imperdiet, sollicitudin lectus varius, ornare neque. Cras fermentum dignissim mollis. Pellentesque purus est, sodales quis tristique eu, pretium ut eros. Proin tellus nulla, cursus ac metus vel, finibus elementum ante. Suspendisse eleifend accumsan faucibus. Interdum et malesuada fames ac ante ipsum primis in faucibus. Sed laoreet metus vel sapien varius, sit amet iaculis libero lobortis. Proin mi elit, cursus maximus molestie sit amet, dictum non magna. Suspendisse non dui eu tellus varius ullamcorper id vel massa.</p>",
    "created_on": "2018-03-11T12:41:27.380Z",
    "courses": [1, 2]
  }
}, {
  "model": "sis.assignment",
  "pk": 1,
  "fields": {
    "short_description": "tugas 1 kelas 1",
    "category": 0,
    "created_on": "2018-03-11T13:10:14.051Z",
    "status": 1,
    "due": "2018-03-30T12:42:28Z",
    "courses": [1]
  }
}, {
  "model": "sis.assignment",
  "pk": 2,
  "fields": {
    "short_description": "quiz 1 kelas 2",
    "category": 1,
    "created_on": "2018-03-11T13:11:41.864Z",
    "status": 1,
    "due": "2018-03-30T13:11:16Z",
    "courses": [2]
  }
}, {
  "model": "sis.assignment",
  "pk": 3,
  "fields": {
    "short_description": "quiz 1 kelas 1",
    "category": 1,
    "created_on": "2018-03-11T13:12:15.961Z",
    "status": 1,
    "due": "2018-03-30T13:11:45Z",
    "courses": [1]
  }
}, {
  "model": "sis.assignment",
  "pk": 4,
  "fields": {
    "short_description": "final 1 kelas 1/2",
    "category": 3,
    "created_on": "2018-03-11T13:13:14.510Z",
    "status": 1,
    "due": "2018-03-30T13:12:27Z",
    "courses": [1, 2]
  }
}, {
  "model": "sis.question",
  "pk": 1,
  "fields": {
    "assignment": 1,
    "text": "tugas 1 kelas 1 pertanyaan 1",
    "score_percentage": 50
  }
}, {
  "model": "sis.question",
  "pk": 2,
  "fields": {
    "assignment": 1,
    "text": "tugas 1 kelas 1 pertanyaan 2",
    "score_percentage": 50
  }
}, {
  "model": "sis.question",
  "pk": 3,
  "fields": {
    "assignment": 2,
    "text": "quiz 1 kelas 2 pertanyaan 1",
    "score_percentage": 100
  }
}, {
  "model": "sis.question",
  "pk": 4,
  "fields": {
    "assignment": 3,
    "text": "quiz 1 kelas 1 pertanyaan 1",
    "score_percentage": 100
  }
}, {
  "model": "sis.question",
  "pk": 5,
  "fields": {
    "assignment": 4,
    "text": "final 1 kelas 1/2 pertanyaan 1",
    "score_percentage": 50
  }
}, {
  "model": "sis.question",
  "pk": 6,
  "fields": {
    "assignment": 4,
    "text": "final 1 kelas 1/2 pertanyaan 2",
    "score_percentage": 50
  }
}, {
  "model": "sis.answer",
  "pk": 1,
  "fields": {
    "student": 1,
    "question": 1,
    "text": "jawaban user 1 tugas 1 kelas 1 pertanyaan 1",
    "score": 0
  }
}, {
  "model": "sis.answer",
  "pk": 2,
  "fields": {
    "student": 1,
    "question": 2,
    "text": "jawaban user 1 tugas 1 kelas 1 pertanyaan 2",
    "score": 0
  }
}, {
  "model": "sis.answer",
  "pk": 3,
  "fields": {
    "student": 1,
    "question": 4,
    "text": "jawaban user1 quiz 1 kelas 1 pertanyaan 1",
    "score": 0
  }
}, {
  "model": "sis.answer",
  "pk": 4,
  "fields": {
    "student": 1,
    "question": 5,
    "text": "jawaban final 1 kelas 1/2 pertanyaan 1",
    "score": 0
  }
}, {
  "model": "sis.answer",
  "pk": 5,
  "fields": {
    "student": 1,
    "question": 6,
    "text": "jawaban final 1 kelas 1/2 pertanyaan 2",
    "score": 0
  }
}, {
  "model": "sis.answer",
  "pk": 6,
  "fields": {
    "student": 2,
    "question": 3,
    "text": "jawaban quiz 1 kelas 2 pertanyaan 1",
    "score": 0
  }
}, {
  "model": "sis.answer",
  "pk": 7,
  "fields": {
    "student": 2,
    "question": 5,
    "text": "jawaban final 1 kelas 1/2 pertanyaan 1",
    "score": 0
  }
}, {
  "model": "sis.answer",
  "pk": 8,
  "fields": {
    "student": 2,
    "question": 6,
    "text": "jawaban final 1 kelas 1/2 pertanyaan 2",
    "score": 0
  }
}, {
  "model": "sis.assignmentresult",
  "pk": 1,
  "fields": {
    "student": 1,
    "assignment": 1,
    "score": 0
  }
}, {
  "model": "sis.assignmentresult",
  "pk": 2,
  "fields": {
    "student": 1,
    "assignment": 3,
    "score": 0
  }
}, {
  "model": "sis.assignmentresult",
  "pk": 3,
  "fields": {
    "student": 1,
    "assignment": 4,
    "score": 0
  }
}, {
  "model": "sis.assignmentresult",
  "pk": 4,
  "fields": {
    "student": 2,
    "assignment": 2,
    "score": 0
  }
}, {
  "model": "sis.assignmentresult",
  "pk": 5,
  "fields": {
    "student": 2,
    "assignment": 4,
    "score": 0
  }
}, {
  "model": "sis.finalresult",
  "pk": 1,
  "fields": {
    "student": 1,
    "score": 0
  }
}, {
  "model": "sis.finalresult",
  "pk": 2,
  "fields": {
    "student": 2,
    "score": 0
  }
}, {
  "model": "sis.finalresultpercentage",
  "pk": 1,
  "fields": {
    "exercise": 20,
    "quiz": 10,
    "mid": 30,
    "final": 40
  }
}, {
  "model": "contenttypes.contenttype",
  "pk": 1,
  "fields": {
    "app_label": "account",
    "model": "lecturer"
  }
}, {
  "model": "contenttypes.contenttype",
  "pk": 2,
  "fields": {
    "app_label": "account",
    "model": "student"
  }
}, {
  "model": "contenttypes.contenttype",
  "pk": 3,
  "fields": {
    "app_label": "auth",
    "model": "user"
  }
}, {
  "model": "contenttypes.contenttype",
  "pk": 4,
  "fields": {
    "app_label": "account",
    "model": "myuser"
  }
}, {
  "model": "contenttypes.contenttype",
  "pk": 5,
  "fields": {
    "app_label": "sis",
    "model": "answer"
  }
}, {
  "model": "contenttypes.contenttype",
  "pk": 6,
  "fields": {
    "app_label": "sis",
    "model": "assignment"
  }
}, {
  "model": "contenttypes.contenttype",
  "pk": 7,
  "fields": {
    "app_label": "sis",
    "model": "assignmentresult"
  }
}, {
  "model": "contenttypes.contenttype",
  "pk": 8,
  "fields": {
    "app_label": "sis",
    "model": "attachment"
  }
}, {
  "model": "contenttypes.contenttype",
  "pk": 9,
  "fields": {
    "app_label": "sis",
    "model": "course"
  }
}, {
  "model": "contenttypes.contenttype",
  "pk": 10,
  "fields": {
    "app_label": "sis",
    "model": "finalresult"
  }
}, {
  "model": "contenttypes.contenttype",
  "pk": 11,
  "fields": {
    "app_label": "sis",
    "model": "finalresultpercentage"
  }
}, {
  "model": "contenttypes.contenttype",
  "pk": 12,
  "fields": {
    "app_label": "sis",
    "model": "module"
  }
}, {
  "model": "contenttypes.contenttype",
  "pk": 13,
  "fields": {
    "app_label": "sis",
    "model": "question"
  }
}, {
  "model": "contenttypes.contenttype",
  "pk": 14,
  "fields": {
    "app_label": "admin",
    "model": "logentry"
  }
}, {
  "model": "contenttypes.contenttype",
  "pk": 15,
  "fields": {
    "app_label": "auth",
    "model": "permission"
  }
}, {
  "model": "contenttypes.contenttype",
  "pk": 16,
  "fields": {
    "app_label": "auth",
    "model": "group"
  }
}, {
  "model": "contenttypes.contenttype",
  "pk": 17,
  "fields": {
    "app_label": "contenttypes",
    "model": "contenttype"
  }
}, {
  "model": "contenttypes.contenttype",
  "pk": 18,
  "fields": {
    "app_label": "sessions",
    "model": "session"
  }
}, {
  "model": "sessions.session",
  "pk": "2txjcu3rou5lffb36m68jl1qj8ukynpi",
  "fields": {
    "session_data": "ODQxYTZlZmRjZGM1ZTc0M2MxNTdlYWQ4ODUwYTgyYWMwMzMzZTJlZTp7Il9hdXRoX3VzZXJfaWQiOiIxIiwiX2F1dGhfdXNlcl9iYWNrZW5kIjoiZGphbmdvLmNvbnRyaWIuYXV0aC5iYWNrZW5kcy5Nb2RlbEJhY2tlbmQiLCJfYXV0aF91c2VyX2hhc2giOiI0YzhhNGQ1MTc0MWRiYjFiMjYyMjVjODI3NzA0Yzk4Njk2NmM4MjI5In0=",
    "expire_date": "2018-03-25T12:31:51.378Z"
  }
}, {
  "model": "auth.permission",
  "pk": 1,
  "fields": {
    "name": "Can add lecturer",
    "content_type": 1,
    "codename": "add_lecturer"
  }
}, {
  "model": "auth.permission",
  "pk": 2,
  "fields": {
    "name": "Can change lecturer",
    "content_type": 1,
    "codename": "change_lecturer"
  }
}, {
  "model": "auth.permission",
  "pk": 3,
  "fields": {
    "name": "Can delete lecturer",
    "content_type": 1,
    "codename": "delete_lecturer"
  }
}, {
  "model": "auth.permission",
  "pk": 4,
  "fields": {
    "name": "Can add student",
    "content_type": 2,
    "codename": "add_student"
  }
}, {
  "model": "auth.permission",
  "pk": 5,
  "fields": {
    "name": "Can change student",
    "content_type": 2,
    "codename": "change_student"
  }
}, {
  "model": "auth.permission",
  "pk": 6,
  "fields": {
    "name": "Can delete student",
    "content_type": 2,
    "codename": "delete_student"
  }
}, {
  "model": "auth.permission",
  "pk": 7,
  "fields": {
    "name": "Can add user",
    "content_type": 3,
    "codename": "add_myuser"
  }
}, {
  "model": "auth.permission",
  "pk": 8,
  "fields": {
    "name": "Can change user",
    "content_type": 3,
    "codename": "change_myuser"
  }
}, {
  "model": "auth.permission",
  "pk": 9,
  "fields": {
    "name": "Can delete user",
    "content_type": 3,
    "codename": "delete_myuser"
  }
}, {
  "model": "auth.permission",
  "pk": 10,
  "fields": {
    "name": "Can add answer",
    "content_type": 5,
    "codename": "add_answer"
  }
}, {
  "model": "auth.permission",
  "pk": 11,
  "fields": {
    "name": "Can change answer",
    "content_type": 5,
    "codename": "change_answer"
  }
}, {
  "model": "auth.permission",
  "pk": 12,
  "fields": {
    "name": "Can delete answer",
    "content_type": 5,
    "codename": "delete_answer"
  }
}, {
  "model": "auth.permission",
  "pk": 13,
  "fields": {
    "name": "Can add assignment",
    "content_type": 6,
    "codename": "add_assignment"
  }
}, {
  "model": "auth.permission",
  "pk": 14,
  "fields": {
    "name": "Can change assignment",
    "content_type": 6,
    "codename": "change_assignment"
  }
}, {
  "model": "auth.permission",
  "pk": 15,
  "fields": {
    "name": "Can delete assignment",
    "content_type": 6,
    "codename": "delete_assignment"
  }
}, {
  "model": "auth.permission",
  "pk": 16,
  "fields": {
    "name": "Can add assignment result",
    "content_type": 7,
    "codename": "add_assignmentresult"
  }
}, {
  "model": "auth.permission",
  "pk": 17,
  "fields": {
    "name": "Can change assignment result",
    "content_type": 7,
    "codename": "change_assignmentresult"
  }
}, {
  "model": "auth.permission",
  "pk": 18,
  "fields": {
    "name": "Can delete assignment result",
    "content_type": 7,
    "codename": "delete_assignmentresult"
  }
}, {
  "model": "auth.permission",
  "pk": 19,
  "fields": {
    "name": "Can add attachment",
    "content_type": 8,
    "codename": "add_attachment"
  }
}, {
  "model": "auth.permission",
  "pk": 20,
  "fields": {
    "name": "Can change attachment",
    "content_type": 8,
    "codename": "change_attachment"
  }
}, {
  "model": "auth.permission",
  "pk": 21,
  "fields": {
    "name": "Can delete attachment",
    "content_type": 8,
    "codename": "delete_attachment"
  }
}, {
  "model": "auth.permission",
  "pk": 22,
  "fields": {
    "name": "Can add class",
    "content_type": 9,
    "codename": "add_course"
  }
}, {
  "model": "auth.permission",
  "pk": 23,
  "fields": {
    "name": "Can change class",
    "content_type": 9,
    "codename": "change_course"
  }
}, {
  "model": "auth.permission",
  "pk": 24,
  "fields": {
    "name": "Can delete class",
    "content_type": 9,
    "codename": "delete_course"
  }
}, {
  "model": "auth.permission",
  "pk": 25,
  "fields": {
    "name": "Can add final result",
    "content_type": 10,
    "codename": "add_finalresult"
  }
}, {
  "model": "auth.permission",
  "pk": 26,
  "fields": {
    "name": "Can change final result",
    "content_type": 10,
    "codename": "change_finalresult"
  }
}, {
  "model": "auth.permission",
  "pk": 27,
  "fields": {
    "name": "Can delete final result",
    "content_type": 10,
    "codename": "delete_finalresult"
  }
}, {
  "model": "auth.permission",
  "pk": 28,
  "fields": {
    "name": "Can add final result percentage",
    "content_type": 11,
    "codename": "add_finalresultpercentage"
  }
}, {
  "model": "auth.permission",
  "pk": 29,
  "fields": {
    "name": "Can change final result percentage",
    "content_type": 11,
    "codename": "change_finalresultpercentage"
  }
}, {
  "model": "auth.permission",
  "pk": 30,
  "fields": {
    "name": "Can delete final result percentage",
    "content_type": 11,
    "codename": "delete_finalresultpercentage"
  }
}, {
  "model": "auth.permission",
  "pk": 31,
  "fields": {
    "name": "Can add module",
    "content_type": 12,
    "codename": "add_module"
  }
}, {
  "model": "auth.permission",
  "pk": 32,
  "fields": {
    "name": "Can change module",
    "content_type": 12,
    "codename": "change_module"
  }
}, {
  "model": "auth.permission",
  "pk": 33,
  "fields": {
    "name": "Can delete module",
    "content_type": 12,
    "codename": "delete_module"
  }
}, {
  "model": "auth.permission",
  "pk": 34,
  "fields": {
    "name": "Can add question",
    "content_type": 13,
    "codename": "add_question"
  }
}, {
  "model": "auth.permission",
  "pk": 35,
  "fields": {
    "name": "Can change question",
    "content_type": 13,
    "codename": "change_question"
  }
}, {
  "model": "auth.permission",
  "pk": 36,
  "fields": {
    "name": "Can delete question",
    "content_type": 13,
    "codename": "delete_question"
  }
}, {
  "model": "auth.permission",
  "pk": 37,
  "fields": {
    "name": "Can add log entry",
    "content_type": 14,
    "codename": "add_logentry"
  }
}, {
  "model": "auth.permission",
  "pk": 38,
  "fields": {
    "name": "Can change log entry",
    "content_type": 14,
    "codename": "change_logentry"
  }
}, {
  "model": "auth.permission",
  "pk": 39,
  "fields": {
    "name": "Can delete log entry",
    "content_type": 14,
    "codename": "delete_logentry"
  }
}, {
  "model": "auth.permission",
  "pk": 40,
  "fields": {
    "name": "Can add permission",
    "content_type": 15,
    "codename": "add_permission"
  }
}, {
  "model": "auth.permission",
  "pk": 41,
  "fields": {
    "name": "Can change permission",
    "content_type": 15,
    "codename": "change_permission"
  }
}, {
  "model": "auth.permission",
  "pk": 42,
  "fields": {
    "name": "Can delete permission",
    "content_type": 15,
    "codename": "delete_permission"
  }
}, {
  "model": "auth.permission",
  "pk": 43,
  "fields": {
    "name": "Can add group",
    "content_type": 16,
    "codename": "add_group"
  }
}, {
  "model": "auth.permission",
  "pk": 44,
  "fields": {
    "name": "Can change group",
    "content_type": 16,
    "codename": "change_group"
  }
}, {
  "model": "auth.permission",
  "pk": 45,
  "fields": {
    "name": "Can delete group",
    "content_type": 16,
    "codename": "delete_group"
  }
}, {
  "model": "auth.permission",
  "pk": 46,
  "fields": {
    "name": "Can add user",
    "content_type": 3,
    "codename": "add_user"
  }
}, {
  "model": "auth.permission",
  "pk": 47,
  "fields": {
    "name": "Can change user",
    "content_type": 3,
    "codename": "change_user"
  }
}, {
  "model": "auth.permission",
  "pk": 48,
  "fields": {
    "name": "Can delete user",
    "content_type": 3,
    "codename": "delete_user"
  }
}, {
  "model": "auth.permission",
  "pk": 49,
  "fields": {
    "name": "Can add content type",
    "content_type": 17,
    "codename": "add_contenttype"
  }
}, {
  "model": "auth.permission",
  "pk": 50,
  "fields": {
    "name": "Can change content type",
    "content_type": 17,
    "codename": "change_contenttype"
  }
}, {
  "model": "auth.permission",
  "pk": 51,
  "fields": {
    "name": "Can delete content type",
    "content_type": 17,
    "codename": "delete_contenttype"
  }
}, {
  "model": "auth.permission",
  "pk": 52,
  "fields": {
    "name": "Can add session",
    "content_type": 18,
    "codename": "add_session"
  }
}, {
  "model": "auth.permission",
  "pk": 53,
  "fields": {
    "name": "Can change session",
    "content_type": 18,
    "codename": "change_session"
  }
}, {
  "model": "auth.permission",
  "pk": 54,
  "fields": {
    "name": "Can delete session",
    "content_type": 18,
    "codename": "delete_session"
  }
}, {
  "model": "sis.attachment",
  "pk": 1,
  "fields": {
    "file_upload": "attachment/module/20180311/excel.xlsx",
    "content_type": 12,
    "object_id": 1
  }
}, {
  "model": "sis.attachment",
  "pk": 2,
  "fields": {
    "file_upload": "attachment/module/20180311/mp4.MP4",
    "content_type": 12,
    "object_id": 1
  }
}, {
  "model": "sis.attachment",
  "pk": 3,
  "fields": {
    "file_upload": "attachment/module/20180311/pdf.pdf",
    "content_type": 12,
    "object_id": 1
  }
}, {
  "model": "sis.attachment",
  "pk": 4,
  "fields": {
    "file_upload": "attachment/module/20180311/ppt.pptx",
    "content_type": 12,
    "object_id": 1
  }
}, {
  "model": "sis.attachment",
  "pk": 5,
  "fields": {
    "file_upload": "attachment/module/20180311/swf.swf",
    "content_type": 12,
    "object_id": 1
  }
}, {
  "model": "sis.attachment",
  "pk": 6,
  "fields": {
    "file_upload": "attachment/module/20180311/webm.WEBM",
    "content_type": 12,
    "object_id": 1
  }
}, {
  "model": "sis.attachment",
  "pk": 7,
  "fields": {
    "file_upload": "attachment/module/20180311/word.docx",
    "content_type": 12,
    "object_id": 1
  }
}, {
  "model": "sis.attachment",
  "pk": 8,
  "fields": {
    "file_upload": "attachment/module/20180311/excel_IngvRCf.xlsx",
    "content_type": 12,
    "object_id": 2
  }
}, {
  "model": "sis.attachment",
  "pk": 9,
  "fields": {
    "file_upload": "attachment/module/20180311/mp4_bYU89cK.MP4",
    "content_type": 12,
    "object_id": 2
  }
}, {
  "model": "sis.attachment",
  "pk": 10,
  "fields": {
    "file_upload": "attachment/module/20180311/pdf_0KRFruI.pdf",
    "content_type": 12,
    "object_id": 2
  }
}, {
  "model": "sis.attachment",
  "pk": 11,
  "fields": {
    "file_upload": "attachment/module/20180311/ppt_nNcaG0g.pptx",
    "content_type": 12,
    "object_id": 2
  }
}, {
  "model": "sis.attachment",
  "pk": 12,
  "fields": {
    "file_upload": "attachment/module/20180311/swf_kzLZ19E.swf",
    "content_type": 12,
    "object_id": 2
  }
}, {
  "model": "sis.attachment",
  "pk": 13,
  "fields": {
    "file_upload": "attachment/module/20180311/webm_BYUnySL.WEBM",
    "content_type": 12,
    "object_id": 2
  }
}, {
  "model": "sis.attachment",
  "pk": 14,
  "fields": {
    "file_upload": "attachment/module/20180311/word_SVLcDL8.docx",
    "content_type": 12,
    "object_id": 2
  }
}, {
  "model": "sis.attachment",
  "pk": 15,
  "fields": {
    "file_upload": "attachment/module/20180311/excel_OCW1zcN.xlsx",
    "content_type": 12,
    "object_id": 3
  }
}, {
  "model": "sis.attachment",
  "pk": 16,
  "fields": {
    "file_upload": "attachment/module/20180311/mp4_Ui5jHq3.MP4",
    "content_type": 12,
    "object_id": 3
  }
}, {
  "model": "sis.attachment",
  "pk": 17,
  "fields": {
    "file_upload": "attachment/module/20180311/pdf_PvSnCAa.pdf",
    "content_type": 12,
    "object_id": 3
  }
}, {
  "model": "sis.attachment",
  "pk": 18,
  "fields": {
    "file_upload": "attachment/module/20180311/ppt_JDQcELq.pptx",
    "content_type": 12,
    "object_id": 3
  }
}, {
  "model": "sis.attachment",
  "pk": 19,
  "fields": {
    "file_upload": "attachment/module/20180311/swf_VRZ17do.swf",
    "content_type": 12,
    "object_id": 3
  }
}, {
  "model": "sis.attachment",
  "pk": 20,
  "fields": {
    "file_upload": "attachment/module/20180311/webm_aPwHFlg.WEBM",
    "content_type": 12,
    "object_id": 3
  }
}, {
  "model": "sis.attachment",
  "pk": 21,
  "fields": {
    "file_upload": "attachment/module/20180311/word_9jcfqnp.docx",
    "content_type": 12,
    "object_id": 3
  }
}, {
  "model": "auth.user",
  "pk": 1,
  "fields": {
    "password": "pbkdf2_sha256$36000$1z5e9x4PYihD$Fy5FZI4q7nkqRtCYmz9p1FipnXLeS8867pruIIzAskg=",
    "last_login": "2018-03-11T12:31:51.255Z",
    "is_superuser": true,
    "username": "admin",
    "first_name": "",
    "last_name": "",
    "email": "",
    "is_staff": true,
    "is_active": true,
    "date_joined": "2018-03-11T12:08:02.405Z",
    "groups": [],
    "user_permissions": []
  }
}, {
  "model": "auth.user",
  "pk": 2,
  "fields": {
    "password": "pbkdf2_sha256$36000$HxBvXbKDGass$qQ5hGxxK6n+iZec0nHV3Zyji3tgVaxuBdWgV4CdXU44=",
    "last_login": "2018-03-11T12:28:35.318Z",
    "is_superuser": false,
    "username": "user1",
    "first_name": "user1",
    "last_name": "user1",
    "email": "user1@email.com",
    "is_staff": false,
    "is_active": true,
    "date_joined": "2018-03-11T12:10:42.808Z",
    "groups": [],
    "user_permissions": []
  }
}, {
  "model": "auth.user",
  "pk": 3,
  "fields": {
    "password": "pbkdf2_sha256$36000$2OnJvWDMAUHz$jBoqPC5FL+9WNzYANuj6EPiZukLXQ/0uzBzc0ZVGIuE=",
    "last_login": "2018-03-11T12:27:52.643Z",
    "is_superuser": false,
    "username": "user2",
    "first_name": "user2",
    "last_name": "user2",
    "email": "user2@email.com",
    "is_staff": false,
    "is_active": true,
    "date_joined": "2018-03-11T12:16:38.870Z",
    "groups": [],
    "user_permissions": []
  }
}, {
  "model": "admin.logentry",
  "pk": 1,
  "fields": {
    "action_time": "2018-03-11T12:38:55.967Z",
    "user": 1,
    "content_type": 12,
    "object_id": "1",
    "object_repr": "bahan kuliah 1 kelas 1",
    "action_flag": 1,
    "change_message": "[{\"added\": {}}, {\"added\": {\"name\": \"attachment\", \"object\": \"excel\"}}, {\"added\": {\"name\": \"attachment\", \"object\": \"mp4\"}}, {\"added\": {\"name\": \"attachment\", \"object\": \"pdf\"}}, {\"added\": {\"name\": \"attachment\", \"object\": \"ppt\"}}, {\"added\": {\"name\": \"attachment\", \"object\": \"swf\"}}, {\"added\": {\"name\": \"attachment\", \"object\": \"webm\"}}, {\"added\": {\"name\": \"attachment\", \"object\": \"word\"}}]"
  }
}, {
  "model": "admin.logentry",
  "pk": 2,
  "fields": {
    "action_time": "2018-03-11T12:39:42.993Z",
    "user": 1,
    "content_type": 12,
    "object_id": "2",
    "object_repr": "bahan kuliah 1 kelas 2",
    "action_flag": 1,
    "change_message": "[{\"added\": {}}, {\"added\": {\"name\": \"attachment\", \"object\": \"excel_IngvRCf\"}}, {\"added\": {\"name\": \"attachment\", \"object\": \"mp4_bYU89cK\"}}, {\"added\": {\"name\": \"attachment\", \"object\": \"pdf_0KRFruI\"}}, {\"added\": {\"name\": \"attachment\", \"object\": \"ppt_nNcaG0g\"}}, {\"added\": {\"name\": \"attachment\", \"object\": \"swf_kzLZ19E\"}}, {\"added\": {\"name\": \"attachment\", \"object\": \"webm_BYUnySL\"}}, {\"added\": {\"name\": \"attachment\", \"object\": \"word_SVLcDL8\"}}]"
  }
}, {
  "model": "admin.logentry",
  "pk": 3,
  "fields": {
    "action_time": "2018-03-11T12:41:27.413Z",
    "user": 1,
    "content_type": 12,
    "object_id": "3",
    "object_repr": "bahan kuliah 1 kelas 1/2",
    "action_flag": 1,
    "change_message": "[{\"added\": {}}, {\"added\": {\"name\": \"attachment\", \"object\": \"excel_OCW1zcN\"}}, {\"added\": {\"name\": \"attachment\", \"object\": \"mp4_Ui5jHq3\"}}, {\"added\": {\"name\": \"attachment\", \"object\": \"pdf_PvSnCAa\"}}, {\"added\": {\"name\": \"attachment\", \"object\": \"ppt_JDQcELq\"}}, {\"added\": {\"name\": \"attachment\", \"object\": \"swf_VRZ17do\"}}, {\"added\": {\"name\": \"attachment\", \"object\": \"webm_aPwHFlg\"}}, {\"added\": {\"name\": \"attachment\", \"object\": \"word_9jcfqnp\"}}]"
  }
}, {
  "model": "admin.logentry",
  "pk": 4,
  "fields": {
    "action_time": "2018-03-11T13:10:14.231Z",
    "user": 1,
    "content_type": 6,
    "object_id": "1",
    "object_repr": "tugas 1 kelas 1",
    "action_flag": 1,
    "change_message": "[{\"added\": {}}, {\"added\": {\"name\": \"question\", \"object\": \"Suspendisse eget condimentum u...\"}}, {\"added\": {\"name\": \"question\", \"object\": \"Etiam convallis finibus nunc, ...\"}}]"
  }
}, {
  "model": "admin.logentry",
  "pk": 5,
  "fields": {
    "action_time": "2018-03-11T13:11:41.897Z",
    "user": 1,
    "content_type": 6,
    "object_id": "2",
    "object_repr": "quiz 1 kelas 2",
    "action_flag": 1,
    "change_message": "[{\"added\": {}}, {\"added\": {\"name\": \"question\", \"object\": \"Orci varius natoque penatibus ...\"}}]"
  }
}, {
  "model": "admin.logentry",
  "pk": 6,
  "fields": {
    "action_time": "2018-03-11T13:12:15.999Z",
    "user": 1,
    "content_type": 6,
    "object_id": "3",
    "object_repr": "quiz 1 kelas 1",
    "action_flag": 1,
    "change_message": "[{\"added\": {}}, {\"added\": {\"name\": \"question\", \"object\": \"Vestibulum luctus tortor in te...\"}}]"
  }
}, {
  "model": "admin.logentry",
  "pk": 7,
  "fields": {
    "action_time": "2018-03-11T13:13:14.628Z",
    "user": 1,
    "content_type": 6,
    "object_id": "4",
    "object_repr": "final 1 kelas 1/2",
    "action_flag": 1,
    "change_message": "[{\"added\": {}}, {\"added\": {\"name\": \"question\", \"object\": \"Cras fermentum dignissim molli...\"}}, {\"added\": {\"name\": \"question\", \"object\": \"Donec euismod tellus a diam di...\"}}]"
  }
}, {
  "model": "admin.logentry",
  "pk": 8,
  "fields": {
    "action_time": "2018-03-11T13:13:24.866Z",
    "user": 1,
    "content_type": 6,
    "object_id": "4",
    "object_repr": "final 1 kelas 1/2",
    "action_flag": 2,
    "change_message": "[{\"changed\": {\"fields\": [\"status\"]}}]"
  }
}, {
  "model": "admin.logentry",
  "pk": 9,
  "fields": {
    "action_time": "2018-03-11T13:14:52.257Z",
    "user": 1,
    "content_type": 5,
    "object_id": "1",
    "object_repr": "Vestibulum luctus tortor in te...",
    "action_flag": 1,
    "change_message": "[{\"added\": {}}]"
  }
}, {
  "model": "admin.logentry",
  "pk": 10,
  "fields": {
    "action_time": "2018-03-11T13:15:09.203Z",
    "user": 1,
    "content_type": 5,
    "object_id": "2",
    "object_repr": "Vestibulum luctus tortor in te...",
    "action_flag": 1,
    "change_message": "[{\"added\": {}}]"
  }
}, {
  "model": "admin.logentry",
  "pk": 11,
  "fields": {
    "action_time": "2018-03-11T13:15:50.683Z",
    "user": 1,
    "content_type": 6,
    "object_id": "4",
    "object_repr": "final 1 kelas 1/2",
    "action_flag": 2,
    "change_message": "[{\"changed\": {\"name\": \"question\", \"object\": \"Cras fermentum dignissim molli...\", \"fields\": [\"text\"]}}, {\"changed\": {\"name\": \"question\", \"object\": \"Donec euismod tellus a diam di...\", \"fields\": [\"text\"]}}]"
  }
}, {
  "model": "admin.logentry",
  "pk": 12,
  "fields": {
    "action_time": "2018-03-11T13:16:05.565Z",
    "user": 1,
    "content_type": 6,
    "object_id": "3",
    "object_repr": "quiz 1 kelas 1",
    "action_flag": 2,
    "change_message": "[{\"changed\": {\"name\": \"question\", \"object\": \"Vestibulum luctus tortor in te...\", \"fields\": [\"text\"]}}]"
  }
}, {
  "model": "admin.logentry",
  "pk": 13,
  "fields": {
    "action_time": "2018-03-11T13:16:22.090Z",
    "user": 1,
    "content_type": 6,
    "object_id": "2",
    "object_repr": "quiz 1 kelas 2",
    "action_flag": 2,
    "change_message": "[{\"changed\": {\"name\": \"question\", \"object\": \"Orci varius natoque penatibus ...\", \"fields\": [\"text\"]}}]"
  }
}, {
  "model": "admin.logentry",
  "pk": 14,
  "fields": {
    "action_time": "2018-03-11T13:16:50.236Z",
    "user": 1,
    "content_type": 6,
    "object_id": "1",
    "object_repr": "tugas 1 kelas 1",
    "action_flag": 2,
    "change_message": "[{\"changed\": {\"name\": \"question\", \"object\": \"Suspendisse eget condimentum u...\", \"fields\": [\"text\"]}}, {\"changed\": {\"name\": \"question\", \"object\": \"Etiam convallis finibus nunc, ...\", \"fields\": [\"text\"]}}]"
  }
}, {
  "model": "admin.logentry",
  "pk": 15,
  "fields": {
    "action_time": "2018-03-11T13:18:24.313Z",
    "user": 1,
    "content_type": 5,
    "object_id": "2",
    "object_repr": "jawaban user 1 tugas 1 kelas 1...",
    "action_flag": 2,
    "change_message": "[{\"changed\": {\"fields\": [\"text\"]}}]"
  }
}, {
  "model": "admin.logentry",
  "pk": 16,
  "fields": {
    "action_time": "2018-03-11T13:18:56.566Z",
    "user": 1,
    "content_type": 5,
    "object_id": "1",
    "object_repr": "jawaban user 1 tugas 1 kelas 1...",
    "action_flag": 2,
    "change_message": "[{\"changed\": {\"fields\": [\"text\"]}}]"
  }
}, {
  "model": "admin.logentry",
  "pk": 17,
  "fields": {
    "action_time": "2018-03-11T13:19:51.963Z",
    "user": 1,
    "content_type": 5,
    "object_id": "3",
    "object_repr": "jawaban user1 quiz 1 kelas 1 p...",
    "action_flag": 1,
    "change_message": "[{\"added\": {}}]"
  }
}, {
  "model": "admin.logentry",
  "pk": 18,
  "fields": {
    "action_time": "2018-03-11T13:20:15.437Z",
    "user": 1,
    "content_type": 5,
    "object_id": "4",
    "object_repr": "jawaban final 1 kelas 1/2 pert...",
    "action_flag": 1,
    "change_message": "[{\"added\": {}}]"
  }
}, {
  "model": "admin.logentry",
  "pk": 19,
  "fields": {
    "action_time": "2018-03-11T13:20:32.882Z",
    "user": 1,
    "content_type": 5,
    "object_id": "5",
    "object_repr": "jawaban final 1 kelas 1/2 pert...",
    "action_flag": 1,
    "change_message": "[{\"added\": {}}]"
  }
}, {
  "model": "admin.logentry",
  "pk": 20,
  "fields": {
    "action_time": "2018-03-11T13:20:52.731Z",
    "user": 1,
    "content_type": 5,
    "object_id": "6",
    "object_repr": "jawaban quiz 1 kelas 2 pertany...",
    "action_flag": 1,
    "change_message": "[{\"added\": {}}]"
  }
}, {
  "model": "admin.logentry",
  "pk": 21,
  "fields": {
    "action_time": "2018-03-11T13:21:09.072Z",
    "user": 1,
    "content_type": 5,
    "object_id": "7",
    "object_repr": "jawaban final 1 kelas 1/2 pert...",
    "action_flag": 1,
    "change_message": "[{\"added\": {}}]"
  }
}, {
  "model": "admin.logentry",
  "pk": 22,
  "fields": {
    "action_time": "2018-03-11T13:21:23.328Z",
    "user": 1,
    "content_type": 5,
    "object_id": "8",
    "object_repr": "jawaban final 1 kelas 1/2 pert...",
    "action_flag": 1,
    "change_message": "[{\"added\": {}}]"
  }
}, {
  "model": "admin.logentry",
  "pk": 23,
  "fields": {
    "action_time": "2018-03-11T13:21:27.954Z",
    "user": 1,
    "content_type": 5,
    "object_id": "8",
    "object_repr": "jawaban final 1 kelas 1/2 pert...",
    "action_flag": 2,
    "change_message": "[]"
  }
}, {
  "model": "admin.logentry",
  "pk": 24,
  "fields": {
    "action_time": "2018-03-11T13:21:31.687Z",
    "user": 1,
    "content_type": 5,
    "object_id": "7",
    "object_repr": "jawaban final 1 kelas 1/2 pert...",
    "action_flag": 2,
    "change_message": "[]"
  }
}, {
  "model": "admin.logentry",
  "pk": 25,
  "fields": {
    "action_time": "2018-03-11T13:21:35.148Z",
    "user": 1,
    "content_type": 5,
    "object_id": "7",
    "object_repr": "jawaban final 1 kelas 1/2 pert...",
    "action_flag": 2,
    "change_message": "[]"
  }
}, {
  "model": "admin.logentry",
  "pk": 26,
  "fields": {
    "action_time": "2018-03-11T13:21:38.633Z",
    "user": 1,
    "content_type": 5,
    "object_id": "6",
    "object_repr": "jawaban quiz 1 kelas 2 pertany...",
    "action_flag": 2,
    "change_message": "[]"
  }
}, {
  "model": "admin.logentry",
  "pk": 27,
  "fields": {
    "action_time": "2018-03-11T13:21:42.690Z",
    "user": 1,
    "content_type": 5,
    "object_id": "5",
    "object_repr": "jawaban final 1 kelas 1/2 pert...",
    "action_flag": 2,
    "change_message": "[]"
  }
}, {
  "model": "admin.logentry",
  "pk": 28,
  "fields": {
    "action_time": "2018-03-11T13:21:45.758Z",
    "user": 1,
    "content_type": 5,
    "object_id": "4",
    "object_repr": "jawaban final 1 kelas 1/2 pert...",
    "action_flag": 2,
    "change_message": "[]"
  }
}, {
  "model": "admin.logentry",
  "pk": 29,
  "fields": {
    "action_time": "2018-03-11T13:21:48.572Z",
    "user": 1,
    "content_type": 5,
    "object_id": "3",
    "object_repr": "jawaban user1 quiz 1 kelas 1 p...",
    "action_flag": 2,
    "change_message": "[]"
  }
}, {
  "model": "account.student",
  "pk": 1,
  "fields": {
    "user": 2,
    "avatar": "",
    "nobp": "123456789",
    "belong_in": 1
  }
}, {
  "model": "account.student",
  "pk": 2,
  "fields": {
    "user": 3,
    "avatar": "",
    "nobp": "234567890",
    "belong_in": 2
  }
}, {
  "model": "account.lecturer",
  "pk": 1,
  "fields": {
    "user": 1,
    "avatar": "",
    "nip": "123456789012345678"
  }
}]
